Profile,Followers,Collected Date,Posted Date,Likes,Type,Section one,Section two,Section three,Section four,Section five,Section six,Section seven,Section eight,Section nine
muradosmann,3800000,10/19/20,10/3/20,54063,Portrait,B,B,R,R,O,G,B,BL,G
muradosmann,3800000,10/19/20,9/14/20,37954,Portrait,O,B,O,O,O,R,B,O,R
muradosmann,3800000,10/19/20,9/9/20,50609,Portrait,O,B,B,O,BL,G,O,BL,O
muradosmann,3800000,10/19/20,9/2/20,34182,Portrait,B,B,B,W,Y,B,B,Y,Y
muradosmann,3800000,10/19/20,8/25/20,46787,Portrait,O,O,O,BL,O,O,O,W,W
muradosmann,3800000,10/19/20,8/13/20,71584,Portrait,Y,B,BL,Y,BR,BL,B,BR,B
muradosmann,3800000,10/19/20,8/11/20,42240,Portrait,V,V,V,Y,O,W,BR,B,V
muradosmann,3800000,10/19/20,8/3/20,38459,Portrait,BR,O,BR,BR,W,BR,BR,W,W
muradosmann,3800000,10/19/20,8/2/20,57415,Portrait,B,B,W,W,O,W,B,W,B
muradosmann,3800000,10/19/20,7/2/20,122366,Portrait,GR,G,O,GR,GR,GR,BL,G,BL
muradosmann,3800000,10/19/20,6/6/20,137113,Portrait,GR,B,GR,GR,R,GR,B,W,W
muradosmann,3800000,10/19/20,6/5/20,58846,Portrait,W,B,B,B,O,B,GR,BR,B
muradosmann,3800000,10/19/20,5/18/20,57166,Portrait,BL,O,O,BL,BR,BR,GR,B,GR
muradosmann,3800000,10/19/20,5/12/20,132832,Portrait,GR,G,GR,B,BR,B,B,W,W
muradosmann,3800000,10/19/20,5/11/20,108806,Portrait,B,GR,B,Y,BL,G,GR,R,GR
muradosmann,3800000,10/19/20,5/10/20,66444,Portrait,Y,G,G,G,R,G,BR,R,BR
muradosmann,3800000,10/19/20,3/17/20,217341,Portrait,BR,W,W,BR,B,GR,W,BR,BR
muradosmann,3800000,10/19/20,3/12/20,51166,Portrait,GR,GR,GR,GR,GR,GR,GR,R,GR
muradosmann,3800000,10/19/20,3/8/20,139903,Portrait,W,W,W,W,W,W,W,BR,W
muradosmann,3800000,10/19/20,3/4/20,79067,Portrait,GR,Y,GR,BL,O,GR,GR,R,GR
muradosmann,3800000,10/19/20,12/12/19,76834,Portrait,R,O,R,O,W,BR,BR,W,BR
muradosmann,3800000,10/19/20,12/3/19,108928,Portrait,GR,GR,BR,BL,R,R,O,R,BR
muradosmann,3800000,10/19/20,11/28/19,53898,Portrait,BL,R,BL,BL,Y,BL,BL,BL,GR
muradosmann,3800000,10/19/20,11/26/19,62883,Portrait,V,V,B,O,O,O,O,BL,BL
muradosmann,3800000,10/19/20,10/31/19,171710,Portrait,B,B,GR,R,BL,BL,R,BL,BL
muradosmann,3800000,10/19/20,10/21/19,112197,Portrait,W,BL,W,W,R,GR,BL,R,BL
muradosmann,3800000,10/19/20,10/14/19,81462,Portrait,R,O,O,BR,BR,O,B,B,BR
muradosmann,3800000,10/19/20,9/24/19,86800,Portrait,G,B,G,G,Y,GR,B,Y,GR
muradosmann,3800000,10/19/20,9/23/19,118890,Portrait,G,BL,G,G,BR,R,B,R,R
muradosmann,3800000,10/19/20,9/22/19,152636,Portrait,B,B,B,G,O,G,GR,B,G
paulnicklen,6800000,10/30/20,10/28/20,126502,Animal,BL,O,BL,GR,BR,GR,GR,BR,GR
paulnicklen,6800000,10/30/20,10/27/20,60798,Portrait,GR,W,BL,GR,BL,GR,GR,BL,GR
paulnicklen,6800000,10/30/20,10/24/20,128886,Animal,GR,W,W,W,W,W,BL,BL,GR
paulnicklen,6800000,10/30/20,10/24/20,79084,Landscape,B,GR,GR,B,B,B,B,B,B
paulnicklen,6800000,10/30/20,10/23/20,89975,Animal,W,W,GR,BL,BL,BL,BL,GR,GR
paulnicklen,6800000,10/30/20,10/23/20,152477,Animal,BL,BL,R,W,W,O,GR,GR,BL
paulnicklen,6800000,10/30/20,10/21/20,54214,Landscape,GR,GR,GR,W,W,W,W,GR,GR
paulnicklen,6800000,10/30/20,10/20/20,103113,Animal,G,GR,GR,GR,BR,GR,GR,GR,GR
paulnicklen,6800000,10/30/20,10/17/20,123907,Animal,BL,BL,BL,BL,GR,BL,W,BL,BL
paulnicklen,6800000,10/30/20,10/17/20,187999,Landscape,B,GR,GR,B,B,B,B,B,B
paulnicklen,6800000,10/30/20,10/16/20,221286,Animal,GR,GR,GR,BL,BL,BL,GR,GR,GR
paulnicklen,6800000,10/30/20,10/16/20,151942,Portrait,B,B,B,B,B,BR,BR,BR,BR
paulnicklen,6800000,10/30/20,10/13/20,76229,Animal,W,W,W,W,BR,W,W,BR,W
paulnicklen,6800000,10/30/20,10/12/20,39931,Portrait,GR,W,W,BL,BL,GR,GR,GR,GR
paulnicklen,6800000,10/30/20,10/11/20,81851,Animal,BR,BR,GR,GR,GR,BL,GR,GR,BL
paulnicklen,6800000,10/30/20,10/10/20,32451,Animal,GR,GR,GR,W,GR,G,G,GR,G
paulnicklen,6800000,10/30/20,10/10/20,133265,Animal,GR,GR,BL,W,GR,GR,BL,BL,BL
paulnicklen,6800000,10/30/20,10/10/20,133458,Animal,B,B,B,B,B,B,B,B,B
paulnicklen,6800000,10/30/20,10/10/20,121783,Animal,GR,GR,BR,GR,BR,GR,GR,GR,GR
paulnicklen,6800000,10/30/20,10/9/20,115476,Animal,O,O,BL,O,O,BL,B,W,BL
paulnicklen,6800000,10/30/20,10/7/20,71748,Animal,G,O,G,G,BR,BR,G,BR,BR
paulnicklen,6800000,10/30/20,10/7/20,57952,Animal,BR,O,O,R,R,O,BR,O,O
paulnicklen,6800000,10/30/20,10/6/20,125991,Animal,W,W,GR,BL,GR,GR,BL,BL,BL
paulnicklen,6800000,10/30/20,10/6/20,113378,Animal,B,B,B,GR,GR,BL,BL,GR,GR
paulnicklen,6800000,10/30/20,10/5/20,129304,Landscape,GR,GR,GR,GR,W,W,GR,GR,GR
paulnicklen,6800000,10/30/20,10/4/20,89353,Animal,G,Y,Y,G,BR,BR,GR,BL,BL
paulnicklen,6800000,10/30/20,10/3/20,132680,Animal,B,B,B,B,BL,W,W,Y,W
paulnicklen,6800000,10/30/20,10/3/20,120238,Animal,BL,BL,BL,GR,W,W,BL,GR,BL
paulnicklen,6800000,10/30/20,10/2/20,118518,Animal,W,W,W,GR,GR,W,GR,W,W
paulnicklen,6800000,10/30/20,9/29/20,89575,Animal,BL,W,BL,GR,GR,B,GR,BR,GR
mariotestino,4200000,10/20/20,10/18/20,19689,Portrait,BR,BR,BR,BR,BR,BR,BR,BR,BR
mariotestino,4200000,10/20/20,10/17/20,28305,Portrait,BR,BL,O,W,W,O,BL,W,R
mariotestino,4200000,10/20/20,10/15/20,27728,Portrait,GR,BL,GR,GR,GR,GR,GR,BL,GR
mariotestino,4200000,10/20/20,10/13/20,17086,Portrait,BL,R,BR,BR,W,BR,BL,W,W
mariotestino,4200000,10/20/20,10/12/20,11969,Portrait,B,BL,Y,BL,BL,Y,O,BL,BL
mariotestino,4200000,10/20/20,10/8/20,27664,Portrait,Y,BR,BR,Y,BR,BR,Y,Y,Y
mariotestino,4200000,10/20/20,10/5/20,13912,Portrait,BR,W,BR,BR,BR,BL,W,BR,BR
mariotestino,4200000,10/20/20,9/30/20,13341,Portrait,W,BL,GR,W,BL,GR,BL,BL,BL
mariotestino,4200000,10/20/20,9/28/20,12239,Landscape,GR,W,GR,O,GR,GR,BL,BL,BL
mariotestino,4200000,10/20/20,9/27/20,45549,Portrait,W,BR,W,W,BR,W,BR,BR,GR
mariotestino,4200000,10/20/20,9/26/20,22789,Portrait,BL,BL,BL,BR,B,BL,BL,BR,BL
mariotestino,4200000,10/20/20,9/25/20,72888,Portrait,W,BR,W,W,R,W,W,BR,W
mariotestino,4200000,10/20/20,9/23/20,31400,Portrait,GR,BL,GR,BL,BL,BL,BL,BL,GR
mariotestino,4200000,10/20/20,9/22/20,18526,Portrait,W,GR,W,W,BR,W,BR,BR,W
mariotestino,4200000,10/20/20,9/21/20,57015,Portrait,BL,W,BL,BR,W,BL,BR,R,BL
mariotestino,4200000,10/20/20,9/19/20,12553,Portrait,GR,GR,W,W,W,GR,GR,BL,BL
mariotestino,4200000,10/20/20,9/18/20,10170,Portrait,BL,BR,BL,R,R,R,BL,BL,BL
mariotestino,4200000,10/20/20,9/16/20,38456,Portrait,GR,GR,GR,GR,R,GR,GR,BR,GR
mariotestino,4200000,10/20/20,9/15/20,9800,Portrait,W,BR,W,GR,W,GR,GR,W,BL
mariotestino,4200000,10/20/20,9/14/20,26236,Portrait,GR,BL,GR,BL,W,GR,BL,W,GR
mariotestino,4200000,10/20/20,9/13/20,63069,Portrait,BL,BR,BL,BL,R,BR,BL,BR,BL
mariotestino,4200000,10/20/20,9/11/20,145966,Portrait,GR,BL,GR,GR,GR,BL,GR,GR,BL
mariotestino,4200000,10/20/20,9/10/20,22188,Portrait,GR,BL,W,BL,W,GR,BL,BL,GR
mariotestino,4200000,10/20/20,9/9/20,27063,Portrait,B,BR,BR,B,BR,BR,B,BR,BR
mariotestino,4200000,10/20/20,9/8/20,16879,Portrait,W,BR,W,BL,BL,BL,GR,BL,W
mariotestino,4200000,10/20/20,9/5/20,46694,Portrait,BL,BL,W,GR,GR,BL,GR,BL,BL
mariotestino,4200000,10/20/20,9/4/20,13692,Landscape,B,B,GR,BL,B,B,B,B,B
mariotestino,4200000,10/20/20,9/3/20,44535,Portrait,R,BR,R,R,W,BL,BR,R,BR
mariotestino,4200000,10/20/20,9/2/20,14413,Portrait,GR,BR,BR,GR,GR,GR,GR,GR,GR
mariotestino,4200000,10/20/20,9/1/20,25458,Portrait,W,BR,W,BR,BR,BR,BR,BR,BR
chrisburkard,3600000,10/20/20,10/17/20,78100,Landscape,V,V,V,V,V,V,BL,GR,BL
chrisburkard,3600000,10/20/20,10/15/20,48090,Portrait,W,BL,B,GR,GR,GR,BR,BR,BR
chrisburkard,3600000,10/20/20,10/10/20,57944,Landscape,W,G,W,G,G,G,B,B,B
chrisburkard,3600000,10/20/20,10/8/20,37066,Landscape,BL,BL,BL,BL,W,BL,BL,BL,BL
chrisburkard,3600000,10/20/20,10/6/20,48197,Landscape,B,B,W,W,W,W,B,B,B
chrisburkard,3600000,10/20/20,10/2/20,43281,Landscape,B,B,B,BL,Y,BL,GR,GR,GR
chrisburkard,3600000,10/20/20,10/1/20,71169,Landscape,B,W,B,GR,GR,G,B,B,B
chrisburkard,3600000,10/20/20,9/28/20,151931,Animal,BR,W,BR,G,BR,BR,W,G,BR
chrisburkard,3600000,10/20/20,9/26/20,45637,Landscape,BR,GR,GR,BR,GR,W,GR,GR,BL
chrisburkard,3600000,10/20/20,9/24/20,42216,Landscape,B,GR,GR,B,B,B,W,W,W
chrisburkard,3600000,10/20/20,9/23/20,64024,Landscape,B,B,B,BL,B,BL,BL,B,BL
chrisburkard,3600000,10/20/20,9/22/20,44522,Landscape,B,B,B,BR,GR,GR,GR,GR,BR
chrisburkard,3600000,10/20/20,9/21/20,81615,Animal,GR,BR,BR,B,W,W,GR,GR,GR
chrisburkard,3600000,10/20/20,9/21/20,47092,Portrait,GR,GR,GR,GR,BL,W,GR,BL,GR
chrisburkard,3600000,10/20/20,9/17/20,82943,Landscape,Y,Y,Y,GR,GR,GR,GR,BL,GR
chrisburkard,3600000,10/20/20,9/14/20,52196,Landscape,O,B,B,BR,GR,GR,B,B,B
chrisburkard,3600000,10/20/20,9/7/20,55203,Landscape,GR,GR,GR,BR,BR,BR,BR,BR,BL
chrisburkard,3600000,10/20/20,9/6/20,48212,Landscape,BL,GR,GR,W,W,W,W,W,GR
chrisburkard,3600000,10/20/20,9/1/20,125197,Portrait,GR,GR,GR,BR,BR,BR,GR,BR,GR
chrisburkard,3600000,10/20/20,8/31/20,68353,Landscape,GR,GR,GR,O,O,O,G,GR,G
chrisburkard,3600000,10/20/20,8/30/20,52310,Landscape,GR,GR,B,BL,G,G,G,B,GR
chrisburkard,3600000,10/20/20,8/25/20,44869,Landscape,W,W,W,B,B,W,W,W,W
chrisburkard,3600000,10/20/20,8/23/20,62732,Landscape,W,GR,B,GR,GR,G,G,G,BR
chrisburkard,3600000,10/20/20,8/21/20,54727,Landscape,BR,BR,GR,BR,BR,GR,BR,GR,GR
chrisburkard,3600000,10/20/20,8/19/20,17535,Landscape,GR,GR,GR,GR,BL,GR,BL,BL,BL
chrisburkard,3600000,10/20/20,8/18/20,74293,Portrait,BR,BR,GR,BR,GR,GR,GR,GR,GR
chrisburkard,3600000,10/20/20,8/12/20,60898,Landscape,B,B,B,B,B,G,B,B,B
chrisburkard,3600000,10/20/20,8/11/20,65414,Landscape,B,B,BR,G,B,BL,B,B,BL
chrisburkard,3600000,10/20/20,8/10/20,81452,Portrait,GR,BR,GR,G,G,GR,G,G,BR
chrisburkard,3600000,10/20/20,8/7/20,36368,Landscape,B,B,B,B,B,B,B,B,W
stevemccurryofficial,3000000,10/22/20,10/20/20,49942,Landscape,BL,GR,BL,BL,GR,BL,BL,BR,BL
stevemccurryofficial,3000000,10/22/20,10/18/20,100660,Portrait,GR,GR,GR,GR,GR,GR,GR,GR,GR
stevemccurryofficial,3000000,10/22/20,10/16/20,89458,Portrait,GR,BR,GR,BR,BR,BR,O,BL,Y
stevemccurryofficial,3000000,10/22/20,10/15/20,50849,Portrait,R,R,R,BR,BR,BR,BR,BR,GR
stevemccurryofficial,3000000,10/22/20,10/13/20,65500,Animal,B,B,B,B,B,B,BR,BR,BR
stevemccurryofficial,3000000,10/22/20,10/12/20,61791,Animal,GR,GR,GR,BR,BR,BR,BR,BR,BR
stevemccurryofficial,3000000,10/22/20,10/9/20,68925,Portrait,BL,BL,R,R,R,R,GR,GR,GR
stevemccurryofficial,3000000,10/22/20,10/7/20,63141,Portrait,BR,GR,R,GR,GR,GR,GR,GR,GR
stevemccurryofficial,3000000,10/22/20,10/3/20,58369,Portrait,GR,BR,GR,GR,BR,GR,G,G,BL
stevemccurryofficial,3000000,10/22/20,10/1/20,55338,Portrait,BL,BR,BL,GR,BR,BL,BL,BL,BL
stevemccurryofficial,3000000,10/22/20,9/29/20,52636,Portrait,G,BR,G,BL,BR,BL,BL,GR,GR
stevemccurryofficial,3000000,10/22/20,9/27/20,77925,Portrait,BL,BR,GR,BR,GR,GR,GR,GR,GR
stevemccurryofficial,3000000,10/22/20,9/25/20,58350,Portrait,BL,GR,GR,BL,Y,GR,BL,BR,GR
stevemccurryofficial,3000000,10/22/20,9/23/20,110477,Portrait,B,B,B,BR,BR,BR,V,Y,BR
stevemccurryofficial,3000000,10/22/20,9/19/20,59185,Portrait,W,BL,W,W,GR,W,BL,W,BL
stevemccurryofficial,3000000,10/22/20,9/14/20,71974,Portrait,BR,BL,BR,BR,BR,BR,BR,GR,BR
stevemccurryofficial,3000000,10/22/20,9/12/20,66185,Portrait,G,R,BL,G,GR,G,GR,GR,GR
stevemccurryofficial,3000000,10/22/20,9/11/20,63315,Landscape,BL,B,BL,BL,B,BL,BL,G,G
stevemccurryofficial,3000000,10/22/20,9/9/20,54207,Landscape,BL,O,O,BL,O,O,BL,O,O
stevemccurryofficial,3000000,10/22/20,9/8/20,42305,Portrait,B,BL,GR,GR,GR,BL,R,BR,BR
stevemccurryofficial,3000000,10/22/20,9/7/20,51482,Portrait,O,BL,BL,Y,Y,BL,BL,Y,BL
stevemccurryofficial,3000000,10/22/20,9/6/20,79174,Portrait,B,B,B,GR,BL,GR,GR,GR,GR
stevemccurryofficial,3000000,10/22/20,9/4/20,66754,Portrait,BR,BR,BR,GR,GR,GR,GR,GR,GR
stevemccurryofficial,3000000,10/22/20,9/2/20,47228,Portrait,BL,R,R,BR,B,GR,BL,GR,GR
stevemccurryofficial,3000000,10/22/20,8/31/20,71905,Portrait,B,B,B,GR,BR,GR,BR,V,BR
stevemccurryofficial,3000000,10/22/20,8/29/20,52487,Portrait,BL,GR,GR,B,BL,BL,B,B,B
stevemccurryofficial,3000000,10/22/20,8/28/20,45468,Portrait,BL,BL,BL,BL,BR,BR,GR,B,BR
stevemccurryofficial,3000000,10/22/20,8/27/20,71430,Portrait,GR,GR,GR,GR,BR,GR,GR,GR,GR
stevemccurryofficial,3000000,10/22/20,8/26/20,41789,Animal,V,Y,GR,GR,B,GR,GR,GR,GR
stevemccurryofficial,3000000,10/22/20,8/23/20,62743,Portrait,GR,GR,O,GR,BR,O,R,R,R
,,,,,,,,,,,,,,
,,,,,,,,,,,,,,
,,,,,,,,,,,,,,
,,,,,,,,,,,,,,
,,,,,,,,,,,,,,
,,,,,,,,,,,,,,
,,,,,,,,,,,,,,
,,,,,,,,,,,,,,
,,,,,,,,,,,,,,
,,,,,,,,,,,,,,
,,,,,,,,,,,,,,
,,,,,,,,,,,,,,
,,,,,,,,,,,,,,
,,,,,,,,,,,,,,
,,,,,,,,,,,,,,
,,,,,,,,,,,,,,
,,,,,,,,,,,,,,
,,,,,,,,,,,,,,
,,,,,,,,,,,,,,
,,,,,,,,,,,,,,
,,,,,,,,,,,,,,
,,,,,,,,,,,,,,
,,,,,,,,,,,,,,
,,,,,,,,,,,,,,
,,,,,,,,,,,,,,
,,,,,,,,,,,,,,
,,,,,,,,,,,,,,
,,,,,,,,,,,,,,
,,,,,,,,,,,,,,
,,,,,,,,,,,,,,
,,,,,,,,,,,,,,
,,,,,,,,,,,,,,
,,,,,,,,,,,,,,
,,,,,,,,,,,,,,
,,,,,,,,,,,,,,
,,,,,,,,,,,,,,
,,,,,,,,,,,,,,
,,,,,,,,,,,,,,
,,,,,,,,,,,,,,
,,,,,,,,,,,,,,
,,,,,,,,,,,,,,
,,,,,,,,,,,,,,
,,,,,,,,,,,,,,
,,,,,,,,,,,,,,
,,,,,,,,,,,,,,
,,,,,,,,,,,,,,
,,,,,,,,,,,,,,
,,,,,,,,,,,,,,
,,,,,,,,,,,,,,
,,,,,,,,,,,,,,
,,,,,,,,,,,,,,
,,,,,,,,,,,,,,
,,,,,,,,,,,,,,
,,,,,,,,,,,,,,
,,,,,,,,,,,,,,
,,,,,,,,,,,,,,
,,,,,,,,,,,,,,
,,,,,,,,,,,,,,
,,,,,,,,,,,,,,
,,,,,,,,,,,,,,
,,,,,,,,,,,,,,
,,,,,,,,,,,,,,
,,,,,,,,,,,,,,
,,,,,,,,,,,,,,
,,,,,,,,,,,,,,
,,,,,,,,,,,,,,
,,,,,,,,,,,,,,
,,,,,,,,,,,,,,
,,,,,,,,,,,,,,
,,,,,,,,,,,,,,
,,,,,,,,,,,,,,
,,,,,,,,,,,,,,
,,,,,,,,,,,,,,
,,,,,,,,,,,,,,
,,,,,,,,,,,,,,
,,,,,,,,,,,,,,
,,,,,,,,,,,,,,
,,,,,,,,,,,,,,
,,,,,,,,,,,,,,
,,,,,,,,,,,,,,
,,,,,,,,,,,,,,
,,,,,,,,,,,,,,
,,,,,,,,,,,,,,
,,,,,,,,,,,,,,
,,,,,,,,,,,,,,
,,,,,,,,,,,,,,
,,,,,,,,,,,,,,
,,,,,,,,,,,,,,
,,,,,,,,,,,,,,
,,,,,,,,,,,,,,
,,,,,,,,,,,,,,
,,,,,,,,,,,,,,
,,,,,,,,,,,,,,
,,,,,,,,,,,,,,
,,,,,,,,,,,,,,
,,,,,,,,,,,,,,
,,,,,,,,,,,,,,
,,,,,,,,,,,,,,
,,,,,,,,,,,,,,
,,,,,,,,,,,,,,
,,,,,,,,,,,,,,
,,,,,,,,,,,,,,
,,,,,,,,,,,,,,
,,,,,,,,,,,,,,
,,,,,,,,,,,,,,
,,,,,,,,,,,,,,
,,,,,,,,,,,,,,
,,,,,,,,,,,,,,
,,,,,,,,,,,,,,
,,,,,,,,,,,,,,
,,,,,,,,,,,,,,
,,,,,,,,,,,,,,
,,,,,,,,,,,,,,
,,,,,,,,,,,,,,
,,,,,,,,,,,,,,
,,,,,,,,,,,,,,
,,,,,,,,,,,,,,
,,,,,,,,,,,,,,
,,,,,,,,,,,,,,
,,,,,,,,,,,,,,
,,,,,,,,,,,,,,
,,,,,,,,,,,,,,
,,,,,,,,,,,,,,
,,,,,,,,,,,,,,
,,,,,,,,,,,,,,
,,,,,,,,,,,,,,
,,,,,,,,,,,,,,
,,,,,,,,,,,,,,
,,,,,,,,,,,,,,
,,,,,,,,,,,,,,
,,,,,,,,,,,,,,
,,,,,,,,,,,,,,
,,,,,,,,,,,,,,
,,,,,,,,,,,,,,
,,,,,,,,,,,,,,
,,,,,,,,,,,,,,
,,,,,,,,,,,,,,
,,,,,,,,,,,,,,
,,,,,,,,,,,,,,
,,,,,,,,,,,,,,
,,,,,,,,,,,,,,
,,,,,,,,,,,,,,
,,,,,,,,,,,,,,
,,,,,,,,,,,,,,
,,,,,,,,,,,,,,
,,,,,,,,,,,,,,
,,,,,,,,,,,,,,
,,,,,,,,,,,,,,
,,,,,,,,,,,,,,
,,,,,,,,,,,,,,